{"cameraMode":{"drawMode":0,"name":"Shaded","section":"Shading Mode"},"sceneLighting":false,"audioPlay":false,"sceneViewState":{"m_AlwaysRefresh":false,"showFog":true,"showSkybox":false,"showFlares":true,"showImageEffects":true,"showParticleSystems":true,"showVisualEffectGraphs":true,"m_FxEnabled":true},"in2DMode":false,"pivot":{"x":0.08056940883398056,"y":0.9538438320159912,"z":0.8263351917266846},"rotation":{"x":0.022526493296027185,"y":-0.9772846102714539,"z":0.15703831613063813,"w":0.14083032310009004},"size":1.7320507764816285,"orthographic":false}