{"cameraMode":{"drawMode":0,"name":"Shaded","section":"Shading Mode"},"sceneLighting":true,"audioPlay":false,"sceneViewState":{"m_AlwaysRefresh":false,"showFog":true,"showSkybox":true,"showFlares":true,"showImageEffects":true,"showParticleSystems":true,"showVisualEffectGraphs":true,"m_FxEnabled":true},"in2DMode":false,"pivot":{"x":1.9375667572021485,"y":11.444731712341309,"z":-20.535442352294923},"rotation":{"x":-0.35721322894096377,"y":0.10700806230306626,"z":-0.04119260981678963,"w":-0.9269813895225525},"size":2.810864210128784,"orthographic":false}