{"cameraMode":{"drawMode":0,"name":"Shaded","section":"Shading Mode"},"sceneLighting":true,"audioPlay":false,"sceneViewState":{"m_AlwaysRefresh":false,"showFog":true,"showSkybox":true,"showFlares":true,"showImageEffects":true,"showParticleSystems":true,"showVisualEffectGraphs":true,"m_FxEnabled":true},"in2DMode":false,"pivot":{"x":8.635455131530762,"y":1.3570276498794556,"z":10.05461311340332},"rotation":{"x":-0.037083327770233157,"y":-0.9596936106681824,"z":0.15271969139575959,"w":-0.2330314666032791},"size":2.2132091522216799,"orthographic":false}