{"cameraMode":{"drawMode":0,"name":"Shaded","section":"Shading Mode"},"sceneLighting":true,"audioPlay":false,"sceneViewState":{"m_AlwaysRefresh":false,"showFog":true,"showSkybox":true,"showFlares":true,"showImageEffects":true,"showParticleSystems":true,"showVisualEffectGraphs":true,"m_FxEnabled":true},"in2DMode":false,"pivot":{"x":-2.480964422225952,"y":1.0000004768371583,"z":0.30766773223876955},"rotation":{"x":0.033968836069107059,"y":0.9461954832077026,"z":-0.3039376437664032,"w":0.10574927181005478},"size":1.2247449159622193,"orthographic":false}