{"cameraMode":{"drawMode":0,"name":"Shaded","section":"Shading Mode"},"sceneLighting":true,"audioPlay":false,"sceneViewState":{"m_AlwaysRefresh":false,"showFog":true,"showSkybox":true,"showFlares":true,"showImageEffects":true,"showParticleSystems":true,"showVisualEffectGraphs":true,"m_FxEnabled":true},"in2DMode":false,"pivot":{"x":-2.480964422225952,"y":1.0000004768371583,"z":0.30766773223876955},"rotation":{"x":-0.2919011116027832,"y":0.40476176142692568,"z":-0.13810226321220399,"w":-0.8555182218551636},"size":1.7320507764816285,"orthographic":false}