{"cameraMode":{"drawMode":0,"name":"Shaded","section":"Shading Mode"},"sceneLighting":false,"audioPlay":false,"sceneViewState":{"m_AlwaysRefresh":false,"showFog":true,"showSkybox":false,"showFlares":true,"showImageEffects":true,"showParticleSystems":true,"showVisualEffectGraphs":true,"m_FxEnabled":true},"in2DMode":false,"pivot":{"x":0.20355838537216187,"y":1.109914779663086,"z":1.24885892868042},"rotation":{"x":-0.004324531648308039,"y":0.9945987462997437,"z":-0.09307898581027985,"w":-0.046294961124658588},"size":1.7320507764816285,"orthographic":false}